id,ra,dec,mag,zphot,zspec
4877, 3.605219, -30.39540, 23.15, 2.54, 2.650
5607, 3.601594, -30.39150, 23.70, 2.46, 2.433