id,zspec,ra,dec
1917,1.244,110.87105,-73.46559
8506,2.213,110.91640,-73.45864
9239,2.463,110.76578,-73.45161
9483,1.163,110.79735,-73.44899
9922,2.743,110.85947,-73.44409
4590,8.498,110.85933,-73.44916
5144,6.383,110.83972,-73.44536
6355,7.665,110.84452,-73.43508
8140,5.275,110.78804,-73.46179
10612,7.663,110.83395,-73.43454
