id, ra, dec, zspec, mag
CEERS-1670, 214.823453, 52.830281, 5.242, 25.8
CEERS-3210, 214.809142, 52.868484, 5.624, 26.9
