id, ra, dec, zspec, zphot, mass
CEERS_1019, 215.0353914, 52.8906618, 8.6788, 8.72, 9.5