id,ra,dec,zspec
ceers-2750_28,214.938642,52.911749,8.7622
macs0647-1433_3593,101.982292,70.243269,10.170
ceers-2750_1,214.943148,52.942442,11.409
