id, ra, dec, zphot, zspec
JADES-GS-z11-0-A, 53.1647632, -27.7746223, -1, 11.122
JADES-GS-z11-0-B, 53.164735, -27.774714, 10.9, -1