id,ra,dec,zspec
GS-z5-Q1,53.103040,-27.83952,5.39
COS-z5-Q1,150.15502,2.24280,5.11

