id,ra,dec,zphot,mass
38094,214.9830187,52.9560001,7.56,11.16
14924,214.8761499,52.88083,9.92,10.93
2859,214.8405503,52.8179376,8.91,10.83
16624,214.8447697,52.8921052,9.97,10.76
21834,214.9022305,52.9393726,10.83,10.44
35300,214.8306601,52.8877768,9.35,10.41
13050,214.8091455,52.86848,8.49,10.18
